file name,channel,smoking label,gender,speaker ID
20090713_161454_8.sph,1,Y,M,108144
20090714_152145_13.sph,0,Y,M,108144
20090714_162411_14.sph,1,Y,M,108144
20090715_161726_18.sph,1,Y,M,108144
20090716_141201_24.sph,1,Y,M,108144
20090716_162257_26.sph,0,Y,M,108144
20090716_171859_27.sph,1,Y,M,108144
20090717_171134_35.sph,1,Y,M,108144
20090722_153108_43.sph,1,Y,M,108144
20090722_162225_44.sph,1,Y,M,108144
20090722_171204_45.sph,1,Y,M,108144
20090723_144844_51.sph,1,Y,M,108144
20090723_174235_54.sph,1,Y,M,108144
20090727_153204_66.sph,1,Y,M,108144
20090727_161940_67.sph,1,Y,M,108144
20090730_173040_90.sph,1,Y,M,108144
20090730_174347_91.sph,1,Y,M,108144
20090730_175759_92.sph,1,Y,M,108144
20090731_153325_97.sph,1,Y,M,108144
20090731_154635_98.sph,1,Y,M,108144
20090803_175947_105.sph,1,Y,M,108144
20090806_173616_122.sph,1,Y,M,108144
20090807_135852_126.sph,1,Y,M,108144
20090810_145906_135.sph,1,Y,M,108144
20090810_172823_138.sph,0,Y,M,108144
20090811_145010_144.sph,1,Y,M,108144
20090811_174056_147.sph,1,Y,M,108144
20090818_155247_174.sph,1,Y,M,108144
20090818_174559_176.sph,1,Y,M,108144
20090819_144730_181.sph,0,Y,M,108144
20090819_173751_185.sph,1,Y,M,108144
20090824_144348_194.sph,1,Y,M,108144
20090825_144548_199.sph,0,Y,M,108144
20090825_165023_201.sph,1,Y,M,108144
20090825_175118_202.sph,0,Y,M,108144
20090826_143140_208.sph,0,Y,M,108144
20090826_153636_209.sph,0,Y,M,108144
20090827_174921_218.sph,1,Y,M,108144
20090828_125641_221.sph,1,Y,M,108144
20090831_130939_227.sph,0,Y,M,108144
20090831_151605_230.sph,0,Y,M,108144
20090831_174432_233.sph,1,Y,M,108144
20090901_111502_236.sph,1,Y,M,108144
20090901_132719_241.sph,0,Y,M,108144
20090902_105000_258.sph,1,Y,M,108144
20090902_122853_260.sph,0,Y,M,108144
20090902_143713_262.sph,1,Y,M,108144
20090903_114258_274.sph,0,Y,M,108144
20090903_171242_284.sph,1,Y,M,108144
20090904_111629_311.sph,1,Y,M,108144
20090904_113656_312.sph,1,Y,M,108144
20090904_133549_314.sph,1,Y,M,108144
20090908_154543_397.sph,1,Y,M,108144
20090908_160716_398.sph,1,Y,M,108144
20090909_164907_438.sph,1,Y,M,108144
20090910_113025_467.sph,0,Y,M,108144
20090910_124836_470.sph,1,Y,M,108144
20090910_153600_474.sph,1,Y,M,108144
20090911_123601_495.sph,0,Y,M,108144
20090911_153714_500.sph,0,Y,M,108144
20090914_143057_549.sph,1,Y,M,108144
20090915_143220_581.sph,1,Y,M,108144
20090915_164557_586.sph,0,Y,M,108144
20090915_174836_597.sph,0,Y,M,108144
20090916_142711_613.sph,1,Y,M,108144
20090916_144415_614.sph,1,Y,M,108144
20090917_143053_653.sph,1,Y,M,108144
20090922_143842_804.sph,0,Y,M,108144
20090922_150544_805.sph,1,Y,M,108144
20090922_164903_806.sph,1,Y,M,108144
20090924_164048_894.sph,1,Y,M,108144
20090924_172517_897.sph,1,Y,M,108144
20090925_164604_938.sph,0,Y,M,108144
20090928_152950_1019.sph,0,Y,M,108144
20090929_142020_1051.sph,1,Y,M,108144
20090930_143331_1106.sph,0,Y,M,108144
20090930_162115_1109.sph,1,Y,M,108144
20091001_144002_1149.sph,1,Y,M,108144
20091001_165254_1154.sph,1,Y,M,108144
20091002_155057_1194.sph,1,Y,M,108144
20091005_154102_1274.sph,0,Y,M,108144
20091006_161601_1322.sph,0,Y,M,108144
20091008_142259_1411.sph,1,Y,M,108144
20091013_170237_1608.sph,0,Y,M,108144
20091014_144413_1663.sph,1,Y,M,108144
20091016_104512_1758.sph,0,Y,M,108144
20091019_152903_1847.sph,0,Y,M,108144
20091020_095400_1890.sph,1,Y,M,108144
20091020_164701_1899.sph,0,Y,M,108144
20091022_193630_2031.sph,0,Y,M,108144
20091027_165509_2214.sph,0,Y,M,108144
20100111_132344_3554.sph,1,Y,M,108144
20100112_163513_3591.sph,1,Y,M,108144
20100112_182857_3604.sph,0,Y,M,108144
20100113_111102_3611.sph,0,Y,M,108144
20100119_144011_3756.sph,0,Y,M,108144
20100121_144906_3818.sph,0,Y,M,108144
20100209_134913_4218.sph,0,Y,M,108144
20100215_144028_4283.sph,0,Y,M,108144
20100219_155951_4407.sph,1,Y,M,108144
20100220_231102_4430.sph,0,Y,M,108144
20100226_144605_4540.sph,0,Y,M,108144
20100228_222444_4591.sph,1,Y,M,108144
20100302_145457_4597.sph,1,Y,M,108144
20100303_145118_4601.sph,1,Y,M,108144
20100303_150407_4602.sph,1,Y,M,108144
20091029_184124_2308.sph,0,Y,M,110402
20091102_174410_2398.sph,0,Y,M,110402
20091105_155431_2500.sph,0,Y,M,110402
20091106_165225_2544.sph,0,Y,M,110402
20091111_162215_2681.sph,0,Y,M,110402
20091111_194622_2700.sph,0,Y,M,110402
20091117_155145_2809.sph,0,Y,M,110402
20091117_185739_2823.sph,0,Y,M,110402
20091120_155347_2913.sph,0,Y,M,110402
20091120_164136_2914.sph,0,Y,M,110402
20091120_173902_2920.sph,0,Y,M,110402
20091123_192010_2975.sph,0,Y,M,110402
20091130_153237_3033.sph,0,Y,M,110402
20091130_170424_3035.sph,0,Y,M,110402
20091130_185047_3048.sph,0,Y,M,110402
20091201_184128_3078.sph,0,Y,M,110402
20091202_160700_3096.sph,0,Y,M,110402
20091207_190938_3224.sph,0,Y,M,110402
20091207_194811_3226.sph,1,Y,M,110402
20091208_153454_3245.sph,0,Y,M,110402
20091209_164555_3275.sph,0,Y,M,110402
20091210_140254_3300.sph,0,Y,M,110402
20091211_155220_3326.sph,0,Y,M,110402
20091216_155322_3409.sph,1,Y,M,110402
20091216_171651_3414.sph,0,Y,M,110402
20091217_160954_3433.sph,0,Y,M,110402
20100120_185116_3799.sph,0,Y,M,110402
20100122_165621_3854.sph,0,Y,M,110402
20100201_165258_4049.sph,0,Y,M,110402
20100205_105330_4147.sph,1,Y,M,110402
20100215_154121_4285.sph,0,Y,M,110402
20100217_165101_4345.sph,1,Y,M,110402
20100222_153412_4454.sph,0,Y,M,110402
20100224_173352_4499.sph,1,Y,M,110402
20100308_145302_4608.sph,1,Y,M,110402
20100308_152732_4609.sph,1,Y,M,110402
20090722_162225_44.sph,0,Y,M,120225
20090803_115408_99.sph,0,Y,M,120225
20090821_104139_188.sph,0,Y,M,120238
20090910_143524_472.sph,0,Y,M,120238
20090913_174549_531.sph,0,Y,M,120238
20090914_174755_559.sph,0,Y,M,120238
20090918_154821_692.sph,0,Y,M,120238
20090920_214305_754.sph,0,Y,M,120238
20090922_210026_833.sph,1,Y,M,120238
20090923_195148_878.sph,1,Y,M,120238
20090930_213330_1138.sph,0,Y,M,120238
20091005_212514_1311.sph,1,Y,M,120238
20091008_213021_1448.sph,0,Y,M,120238
20091022_210753_2038.sph,0,Y,M,120238
20091025_175423_2123.sph,0,Y,M,120238
20091026_181815_2181.sph,1,Y,M,120238
20091027_201129_2236.sph,0,Y,M,120238
20090831_103959_224.sph,0,Y,M,120242
20090902_095209_255.sph,0,Y,M,120242
20090918_155046_693.sph,1,Y,M,120242
20091001_195104_1179.sph,0,Y,M,120242
20091006_202814_1355.sph,0,Y,M,120242
20091103_182532_2443.sph,1,Y,M,120242
20091109_202100_2634.sph,0,Y,M,120242
20091124_181150_2992.sph,1,Y,M,120242
20091203_181157_3139.sph,1,Y,M,120242
20091206_175135_3190.sph,1,Y,M,120242
20091207_175705_3218.sph,0,Y,M,120242
20091208_175400_3253.sph,1,Y,M,120242
20091214_210426_3386.sph,0,Y,M,120242
20091216_170902_3413.sph,1,Y,M,120242
20091217_171323_3437.sph,0,Y,M,120242
20091219_185313_3465.sph,1,Y,M,120242
20090806_153742_121.sph,1,Y,M,120274
20090819_155402_182.sph,0,Y,M,120274
20090819_161305_183.sph,0,Y,M,120274
20090821_095004_187.sph,0,Y,M,120274
20090901_212922_252.sph,0,Y,M,120274
20090902_211543_269.sph,0,Y,M,120274
20090903_212217_304.sph,1,Y,M,120274
20090904_214940_335.sph,1,Y,M,120274
20090908_171734_401.sph,0,Y,M,120274
20090913_174959_532.sph,1,Y,M,120274
20090914_201034_568.sph,1,Y,M,120274
20090919_172422_717.sph,0,Y,M,120274
20090920_173001_738.sph,1,Y,M,120274
20090921_190314_783.sph,0,Y,M,120274
20090922_185322_827.sph,0,Y,M,120274
20090827_113542_213.sph,1,Y,M,120281
20090901_194941_249.sph,0,Y,M,120281
20090902_193604_265.sph,1,Y,M,120281
20090903_193225_297.sph,0,Y,M,120281
20090904_184902_329.sph,1,Y,M,120281
20090911_175917_508.sph,1,Y,M,120281
20090929_213105_1089.sph,1,Y,M,120281
20090930_213330_1138.sph,1,Y,M,120281
20091005_181602_1290.sph,0,Y,M,120281
20091006_212043_1358.sph,1,Y,M,120281
20100108_174551_3536.sph,1,Y,M,120281
20100111_200201_3573.sph,1,Y,M,120281
20100112_191812_3606.sph,1,Y,M,120281
20100113_104946_3610.sph,1,Y,M,120281
20100120_134004_3783.sph,0,Y,M,120281
20090714_142145_12.sph,0,Y,M,120290
20090723_115224_49.sph,0,Y,M,120290
20090713_095001_4.sph,0,Y,M,120304
20090730_104827_86.sph,0,Y,M,120304
20090831_114445_225.sph,0,Y,M,120304
20090904_171559_321.sph,1,Y,M,120304
20090905_192443_344.sph,1,Y,M,120304
20090907_182509_375.sph,0,Y,M,120304
20090908_203540_415.sph,0,Y,M,120304
20090909_203828_457.sph,0,Y,M,120304
20090911_171941_503.sph,0,Y,M,120304
20090913_172402_529.sph,0,Y,M,120304
20090915_171744_588.sph,0,Y,M,120304
20090921_172554_769.sph,0,Y,M,120304
20090924_171750_896.sph,0,Y,M,120304
20091022_172317_2001.sph,0,Y,M,120304
20091023_173723_2064.sph,0,Y,M,120304
20090717_111515_29.sph,0,Y,M,120312
20090730_133753_88.sph,0,Y,M,120312
20090812_134053_150.sph,0,Y,M,120312
20090903_190659_293.sph,1,Y,M,120312
20090905_172449_338.sph,1,Y,M,120312
20090908_203158_414.sph,1,Y,M,120312
20090914_171832_554.sph,0,Y,M,120312
20090916_200627_637.sph,1,Y,M,120312
20090917_201005_678.sph,0,Y,M,120312
20090922_202306_831.sph,1,Y,M,120312
20090923_210308_880.sph,1,Y,M,120312
20090924_194211_918.sph,1,Y,M,120312
20090925_171318_941.sph,1,Y,M,120312
20090928_174707_1029.sph,0,Y,M,120312
20091003_211519_1239.sph,0,Y,M,120312
20090724_152534_59.sph,0,Y,M,120329
20090825_144548_199.sph,1,Y,M,120329
20090908_144513_395.sph,0,Y,M,120329
20090909_183529_447.sph,0,Y,M,120329
20090917_173523_667.sph,0,Y,M,120329
20090928_175511_1031.sph,0,Y,M,120329
20091005_174958_1286.sph,1,Y,M,120329
20091104_174033_2470.sph,1,Y,M,120329
20091206_175135_3190.sph,0,Y,M,120329
20100128_174123_3971.sph,0,Y,M,120329
20100130_174337_4010.sph,0,Y,M,120329
20100218_173432_4378.sph,0,Y,M,120329
20090727_124825_63.sph,0,Y,M,120337
20090903_194815_298.sph,1,Y,M,120337
20090905_183916_342.sph,1,Y,M,120337
20090908_174830_403.sph,0,Y,M,120337
20090909_193701_453.sph,1,Y,M,120337
20090916_175931_631.sph,1,Y,M,120337
20090917_182122_675.sph,0,Y,M,120337
20090918_185259_709.sph,0,Y,M,120337
20090919_182142_727.sph,1,Y,M,120337
20090920_182516_745.sph,0,Y,M,120337
20090922_192344_829.sph,1,Y,M,120337
20090926_184043_975.sph,1,Y,M,120337
20090927_192328_1003.sph,0,Y,M,120337
20091002_183025_1211.sph,0,Y,M,120337
20100126_115936_3899.sph,0,Y,M,120337
20100209_195608_4236.sph,1,Y,M,120337
20090806_135359_119.sph,0,Y,M,120372
20090818_155247_174.sph,0,Y,M,120372
20090821_125445_190.sph,0,Y,M,120372
20090903_214000_306.sph,0,Y,M,120372
20090907_184140_378.sph,0,Y,M,120372
20090909_190326_449.sph,1,Y,M,120372
20090910_180417_485.sph,1,Y,M,120372
20090911_180636_509.sph,0,Y,M,120372
20090916_180707_633.sph,1,Y,M,120372
20090921_180007_774.sph,1,Y,M,120372
20090924_180351_906.sph,1,Y,M,120372
20090926_174625_970.sph,1,Y,M,120372
20090927_174939_987.sph,0,Y,M,120372
20090928_175318_1030.sph,1,Y,M,120372
20090929_181350_1070.sph,1,Y,M,120372
20090819_164351_184.sph,0,Y,M,120379
20090828_144419_222.sph,0,Y,M,120379
20090908_212423_421.sph,0,Y,M,120379
20090909_144902_434.sph,1,Y,M,120379
20090812_163344_152.sph,1,Y,M,120392
20090817_114751_166.sph,0,Y,M,120398
20090827_104001_212.sph,0,Y,M,120398
20090902_095027_254.sph,1,Y,M,120398
20090906_184138_357.sph,0,Y,M,120398
20090907_185118_379.sph,0,Y,M,120398
20090924_175546_903.sph,0,Y,M,120398
20090927_175551_990.sph,0,Y,M,120398
20091012_144705_1553.sph,0,Y,M,120398
20091013_145827_1605.sph,0,Y,M,120398
20091014_143553_1662.sph,0,Y,M,120398
20091014_155857_1665.sph,0,Y,M,120398
20091014_185829_1692.sph,1,Y,M,120398
20091015_155001_1718.sph,1,Y,M,120398
20091015_165944_1720.sph,0,Y,M,120398
20091016_154408_1767.sph,1,Y,M,120398
20091019_143551_1845.sph,0,Y,M,120398
20091019_193344_1880.sph,0,Y,M,120398
20091020_155451_1898.sph,0,Y,M,120398
20091021_164708_1951.sph,1,Y,M,120398
20091021_170514_1953.sph,1,Y,M,120398
20091021_195145_1981.sph,0,Y,M,120398
20091022_144856_1996.sph,0,Y,M,120398
20091023_163810_2055.sph,0,Y,M,120398
20091023_165350_2057.sph,1,Y,M,120398
20091026_135351_2150.sph,1,Y,M,120398
20091026_145003_2154.sph,0,Y,M,120398
20091026_153345_2155.sph,0,Y,M,120398
20091027_133301_2203.sph,1,Y,M,120398
20091027_142435_2205.sph,1,Y,M,120398
20091028_134656_2245.sph,0,Y,M,120398
20091028_140251_2246.sph,0,Y,M,120398
20091028_154247_2249.sph,0,Y,M,120398
20091028_174645_2260.sph,0,Y,M,120398
20091029_135014_2284.sph,0,Y,M,120398
20091029_141754_2285.sph,1,Y,M,120398
20091029_144806_2287.sph,0,Y,M,120398
20091029_153622_2288.sph,0,Y,M,120398
20091029_175539_2301.sph,0,Y,M,120398
20091102_121809_2389.sph,0,Y,M,120398
20091102_164245_2393.sph,0,Y,M,120398
20091104_121907_2461.sph,1,Y,M,120398
20091105_122154_2492.sph,1,Y,M,120398
20091105_141915_2495.sph,0,Y,M,120398
20091105_150053_2499.sph,0,Y,M,120398
20091109_144625_2606.sph,1,Y,M,120398
20091109_184654_2626.sph,1,Y,M,120398
20091111_172450_2685.sph,1,Y,M,120398
20091112_124821_2705.sph,1,Y,M,120398
20091112_150322_2708.sph,1,Y,M,120398
20091112_165645_2711.sph,1,Y,M,120398
20091112_175313_2718.sph,1,Y,M,120398
20091116_122628_2775.sph,0,Y,M,120398
20091116_132405_2777.sph,0,Y,M,120398
20091116_164454_2779.sph,0,Y,M,120398
20091118_140854_2842.sph,0,Y,M,120398
20091118_155311_2846.sph,0,Y,M,120398
20091119_135654_2880.sph,0,Y,M,120398
20091119_173819_2888.sph,1,Y,M,120398
20091119_175009_2889.sph,0,Y,M,120398
20091119_184052_2894.sph,1,Y,M,120398
20091123_120609_2950.sph,0,Y,M,120398
20091123_124410_2952.sph,1,Y,M,120398
20091123_130429_2953.sph,1,Y,M,120398
20091123_145457_2956.sph,0,Y,M,120398
20091202_160255_3095.sph,1,Y,M,120398
20091203_135033_3124.sph,0,Y,M,120398
20091203_145635_3126.sph,1,Y,M,120398
20091207_104409_3203.sph,1,Y,M,120398
20091207_131813_3206.sph,1,Y,M,120398
20091207_183944_3223.sph,0,Y,M,120398
20091208_104233_3234.sph,1,Y,M,120398
20091208_124119_3238.sph,1,Y,M,120398
20091214_144414_3373.sph,0,Y,M,120398
20091214_173713_3378.sph,0,Y,M,120398
20091215_155107_3390.sph,0,Y,M,120398
20091221_110554_3471.sph,1,Y,M,120398
20090916_172701_625.sph,0,Y,M,120399
20090924_193307_917.sph,0,Y,M,120399
20091030_170310_2328.sph,0,Y,M,120399
20090902_105000_258.sph,0,Y,M,120438
20090903_174653_287.sph,1,Y,M,120438
20090904_173354_323.sph,1,Y,M,120438
20090905_182124_341.sph,1,Y,M,120438
20090906_172757_353.sph,1,Y,M,120438
20090907_171230_370.sph,1,Y,M,120438
20090908_182633_407.sph,1,Y,M,120438
20090909_190326_449.sph,0,Y,M,120438
20090910_173636_479.sph,1,Y,M,120438
20090911_134222_498.sph,0,Y,M,120438
20090912_185042_523.sph,1,Y,M,120438
20090913_193728_539.sph,1,Y,M,120438
20090914_192345_565.sph,0,Y,M,120438
20090915_195014_603.sph,0,Y,M,120438
20090916_200839_638.sph,0,Y,M,120438
20090917_180441_673.sph,1,Y,M,120438
20090908_204330_416.sph,0,Y,M,120439
20090913_174959_532.sph,0,Y,M,120439
20090914_153101_550.sph,0,Y,M,120439
20090917_173523_667.sph,1,Y,M,120439
20090923_174723_865.sph,1,Y,M,120439
20090924_175018_902.sph,1,Y,M,120439
20090925_175255_949.sph,0,Y,M,120439
20090929_175342_1066.sph,0,Y,M,120439
20091004_175346_1245.sph,1,Y,M,120439
20091006_180646_1338.sph,0,Y,M,120439
20091014_175904_1677.sph,1,Y,M,120439
20091015_180139_1731.sph,0,Y,M,120439
20091016_181734_1782.sph,0,Y,M,120439
20091019_175751_1859.sph,0,Y,M,120439
20091020_181412_1914.sph,0,Y,M,120439
20090915_102616_575.sph,0,Y,M,120447
20090921_181822_778.sph,1,Y,M,120447
20090922_095957_797.sph,0,Y,M,120447
20090925_110243_931.sph,1,Y,M,120447
20090925_190349_956.sph,0,Y,M,120447
20090926_204106_982.sph,0,Y,M,120447
20090927_171135_983.sph,0,Y,M,120447
20090929_213105_1089.sph,0,Y,M,120447
20090930_095527_1093.sph,1,Y,M,120447
20091001_165254_1154.sph,0,Y,M,120447
20091013_134105_1602.sph,0,Y,M,120447
20091017_194450_1819.sph,1,Y,M,120447
20100107_172605_3528.sph,1,Y,M,120447
20100112_172314_3594.sph,0,Y,M,120447
20100113_172641_3623.sph,1,Y,M,120447
20090915_173621_593.sph,0,Y,M,120494
20090916_171251_623.sph,0,Y,M,120494
20090917_171453_663.sph,0,Y,M,120494
20090919_171028_715.sph,0,Y,M,120494
20090921_171039_766.sph,1,Y,M,120494
20090924_153328_892.sph,0,Y,M,120494
20090928_113601_1012.sph,1,Y,M,120494
20090930_171201_1111.sph,0,Y,M,120494
20091022_200313_2034.sph,0,Y,M,120494
20091105_200202_2527.sph,0,Y,M,120494
20091124_200423_2998.sph,0,Y,M,120494
20091202_200226_3113.sph,1,Y,M,120494
20091216_200154_3424.sph,0,Y,M,120494
20091217_200156_3447.sph,0,Y,M,120494
20091222_200158_3487.sph,0,Y,M,120494
20090916_153328_616.sph,1,Y,M,120525
20090917_171100_662.sph,1,Y,M,120525
20090918_172457_699.sph,1,Y,M,120525
20090924_144640_891.sph,1,Y,M,120525
20090928_143709_1017.sph,0,Y,M,120525
20091023_171530_2059.sph,0,Y,M,120525
20090923_174118_864.sph,1,Y,M,120535
20090924_211639_923.sph,0,Y,M,120535
20090925_212418_959.sph,0,Y,M,120535
20090926_194838_979.sph,1,Y,M,120535
20090928_170236_1021.sph,1,Y,M,120535
20090929_192058_1082.sph,0,Y,M,120535
20091001_201432_1180.sph,1,Y,M,120535
20091002_202549_1219.sph,0,Y,M,120535
20091003_203732_1237.sph,1,Y,M,120535
20091004_194759_1255.sph,1,Y,M,120535
20091005_113740_1268.sph,1,Y,M,120535
20091006_214534_1363.sph,1,Y,M,120535
20091007_171554_1376.sph,0,Y,M,120535
20091008_171901_1418.sph,0,Y,M,120535
20091012_170446_1557.sph,0,Y,M,120535
20091013_170755_1609.sph,0,Y,M,120535
20090924_183922_913.sph,1,Y,M,120589
20090925_211954_958.sph,0,Y,M,120589
20090929_172603_1059.sph,1,Y,M,120589
20090930_215659_1140.sph,1,Y,M,120589
20091001_210852_1182.sph,1,Y,M,120589
20091002_212117_1221.sph,0,Y,M,120589
20091003_211519_1239.sph,1,Y,M,120589
20091004_210138_1262.sph,0,Y,M,120589
20091005_144812_1272.sph,0,Y,M,120589
20091009_202949_1494.sph,0,Y,M,120589
20091013_181639_1628.sph,0,Y,M,120589
20091017_215545_1821.sph,0,Y,M,120589
20091018_200633_1835.sph,1,Y,M,120589
20091019_152818_1846.sph,0,Y,M,120589
20091021_094822_1939.sph,1,Y,M,120589
20091007_132327_1371.sph,0,Y,M,120617
20091026_100118_2144.sph,1,Y,M,120617
20091030_094721_2318.sph,0,Y,M,120617
20091119_170214_2883.sph,0,Y,M,120617
20091204_170441_3159.sph,1,Y,M,120617
20091208_170812_3247.sph,1,Y,M,120617
20091214_170407_3376.sph,0,Y,M,120617
20090930_192908_1134.sph,0,Y,M,120652
20091013_123027_1600.sph,0,Y,M,120652
20091020_172823_1902.sph,0,Y,M,120652
20091023_172500_2062.sph,1,Y,M,120652
20091110_172623_2654.sph,0,Y,M,120652
20090930_162115_1109.sph,0,Y,M,120653
20091001_205148_1181.sph,1,Y,M,120653
20091002_183222_1212.sph,1,Y,M,120653
20091004_204444_1259.sph,1,Y,M,120653
20091006_185042_1348.sph,1,Y,M,120653
20091011_200107_1544.sph,1,Y,M,120653
20091012_173836_1565.sph,1,Y,M,120653
20091013_094350_1595.sph,0,Y,M,120653
20091016_202905_1792.sph,0,Y,M,120653
20091018_172222_1824.sph,1,Y,M,120653
20091020_200229_1927.sph,1,Y,M,120653
20091021_194105_1978.sph,0,Y,M,120653
20091028_084558_2239.sph,1,Y,M,120653
20091102_193034_2414.sph,0,Y,M,120653
20091103_180849_2438.sph,1,Y,M,120653
20091006_170745_1324.sph,1,Y,M,120657
20091008_184633_1434.sph,0,Y,M,120657
20091010_210707_1521.sph,1,Y,M,120657
20091017_185931_1817.sph,0,Y,M,120657
20091020_183713_1916.sph,0,Y,M,120657
20091022_185140_2022.sph,0,Y,M,120657
20091027_183333_2227.sph,1,Y,M,120657
20091030_100129_2319.sph,0,Y,M,120657
20091101_182407_2375.sph,0,Y,M,120657
20091104_181151_2475.sph,0,Y,M,120657
20091105_183738_2520.sph,0,Y,M,120657
20091106_141217_2539.sph,0,Y,M,120657
20091117_180141_2817.sph,1,Y,M,120657
20091118_155311_2846.sph,1,Y,M,120657
20091122_181834_2944.sph,0,Y,M,120657
20091030_111606_2320.sph,0,Y,M,120669
20091008_142259_1411.sph,0,Y,M,120704
20091009_171228_1465.sph,0,Y,M,120704
20091013_175431_1621.sph,0,Y,M,120704
20091015_192139_1744.sph,1,Y,M,120704
20091016_170551_1769.sph,1,Y,M,120704
20091008_132513_1410.sph,1,Y,M,120713
20091009_194655_1489.sph,0,Y,M,120713
20091015_203536_1749.sph,1,Y,M,120713
20091022_172750_2003.sph,0,Y,M,120713
20091029_172908_2298.sph,1,Y,M,120713
20091109_172131_2611.sph,0,Y,M,120713
20091112_165645_2711.sph,0,Y,M,120713
20091113_194432_2751.sph,0,Y,M,120713
20091118_181541_2857.sph,0,Y,M,120713
20091123_172517_2962.sph,1,Y,M,120713
20091202_185539_3111.sph,0,Y,M,120713
20091203_175401_3135.sph,1,Y,M,120713
20091204_180024_3171.sph,1,Y,M,120713
20091216_173228_3417.sph,0,Y,M,120713
20091222_171752_3479.sph,0,Y,M,120713
20091019_194437_1883.sph,1,Y,M,120732
20091021_212418_1984.sph,1,Y,M,120732
20091022_211631_2040.sph,0,Y,M,120732
20091027_184234_2229.sph,0,Y,M,120732
20091124_174102_2990.sph,0,Y,M,120732
20091204_174607_3163.sph,1,Y,M,120732
20091204_180024_3171.sph,0,Y,M,120732
20091207_155040_3210.sph,1,Y,M,120732
20091208_173901_3249.sph,0,Y,M,120732
20091216_164338_3411.sph,1,Y,M,120732
20091218_175806_3456.sph,1,Y,M,120732
20100217_174630_4353.sph,1,Y,M,120732
20100218_174907_4384.sph,1,Y,M,120732
20100220_173703_4421.sph,0,Y,M,120732
20100224_172953_4498.sph,0,Y,M,120732
20091019_172904_1854.sph,0,Y,M,120757
20091020_212149_1934.sph,1,Y,M,120757
20091021_182600_1968.sph,0,Y,M,120757
20091022_182624_2016.sph,1,Y,M,120757
20091029_141754_2285.sph,0,Y,M,120757
20091106_171145_2545.sph,1,Y,M,120757
20091112_175313_2718.sph,0,Y,M,120757
20091119_215744_2901.sph,1,Y,M,120757
20091120_190956_2925.sph,0,Y,M,120757
20091129_213937_3021.sph,1,Y,M,120757
20091206_180529_3192.sph,0,Y,M,120757
20100105_174030_3512.sph,0,Y,M,120757
20100120_163503_3787.sph,0,Y,M,120757
20100215_144028_4283.sph,1,Y,M,120757
20100218_193506_4394.sph,1,Y,M,120757
20091021_175651_1963.sph,0,Y,M,120810
20091028_170530_2256.sph,1,Y,M,120810
20091030_175220_2334.sph,1,Y,M,120810
20091031_180112_2352.sph,1,Y,M,120810
20091101_190424_2381.sph,0,Y,M,120810
20091102_193034_2414.sph,1,Y,M,120810
20091110_154513_2647.sph,0,Y,M,120810
20091111_174432_2689.sph,0,Y,M,120810
20091112_174644_2714.sph,0,Y,M,120810
20091113_175148_2742.sph,0,Y,M,120810
20091115_175318_2764.sph,1,Y,M,120810
20091117_173609_2813.sph,0,Y,M,120810
20091118_174331_2853.sph,0,Y,M,120810
20091124_145712_2982.sph,1,Y,M,120810
20091125_173519_3003.sph,0,Y,M,120810
20100108_190234_3540.sph,1,Y,M,120846
20100110_180708_3549.sph,0,Y,M,120846
20100111_180934_3569.sph,0,Y,M,120846
20100112_095252_3577.sph,1,Y,M,120846
20100116_180735_3704.sph,0,Y,M,120846
20100118_180441_3732.sph,1,Y,M,120846
20100120_180659_3795.sph,0,Y,M,120846
20100122_190914_3868.sph,0,Y,M,120846
20100202_180315_4080.sph,0,Y,M,120846
20100208_190206_4199.sph,1,Y,M,120846
20100212_180506_4252.sph,1,Y,M,120846
20100108_153841_3531.sph,1,Y,M,120847
20100109_174601_3543.sph,0,Y,M,120847
20100110_190230_3551.sph,1,Y,M,120847
20100112_165824_3592.sph,0,Y,M,120847
20100115_174642_3694.sph,0,Y,M,120847
20100117_173859_3713.sph,0,Y,M,120847
20100118_210143_3744.sph,1,Y,M,120847
20100120_174152_3792.sph,0,Y,M,120847
20100121_174639_3827.sph,0,Y,M,120847
20100126_212322_3923.sph,1,Y,M,120847
20100127_212505_3954.sph,0,Y,M,120847
20100201_173926_4055.sph,1,Y,M,120847
20100202_174436_4078.sph,0,Y,M,120847
20100203_174906_4107.sph,0,Y,M,120847
20100208_173940_4192.sph,1,Y,M,120847
20100108_141943_3530.sph,0,Y,M,120848
20100111_213136_3575.sph,0,Y,M,120848
20100112_114514_3579.sph,1,Y,M,120848
20100118_212707_3746.sph,0,Y,M,120848
20100127_170213_3933.sph,1,Y,M,120858
20100129_203046_4003.sph,0,Y,M,120858
20100201_190242_4060.sph,0,Y,M,120858
20100204_190248_4138.sph,0,Y,M,120858
20100208_190231_4200.sph,0,Y,M,120858
20100213_190214_4274.sph,0,Y,M,120858
20100217_190230_4359.sph,0,Y,M,120858
20100218_190522_4389.sph,1,Y,M,120858
20100220_190221_4424.sph,1,Y,M,120858
20100221_190457_4441.sph,0,Y,M,120858
20100225_190300_4526.sph,0,Y,M,120858
20100227_190217_4575.sph,0,Y,M,120858
20100111_170943_3561.sph,0,Y,M,120874
20100112_173244_3595.sph,1,Y,M,120874
20100113_185258_3630.sph,0,Y,M,120874
20100114_170200_3655.sph,0,Y,M,120874
20100115_170743_3690.sph,0,Y,M,120874
20100116_184654_3708.sph,1,Y,M,120874
20100118_190111_3737.sph,0,Y,M,120874
20100119_172135_3761.sph,1,Y,M,120874
20100120_114946_3781.sph,0,Y,M,120874
20100121_195358_3832.sph,1,Y,M,120874
20100122_190914_3868.sph,1,Y,M,120874
20100125_183150_3888.sph,1,Y,M,120874
20100126_174458_3912.sph,1,Y,M,120874
20100127_111332_3926.sph,0,Y,M,120874
20100128_190517_3981.sph,1,Y,M,120874
20100129_171558_3995.sph,1,Y,M,120874
20100115_143418_3684.sph,0,Y,M,120900
20100112_134835_3584.sph,0,Y,M,120904
20100112_153911_3587.sph,0,Y,M,120904
20100113_160652_3618.sph,0,Y,M,120904
20100114_114934_3646.sph,0,Y,M,120904
20100114_164109_3653.sph,0,Y,M,120904
20100115_130916_3681.sph,0,Y,M,120904
20100115_140519_3683.sph,1,Y,M,120904
20100115_162803_3687.sph,1,Y,M,120904
20100120_144719_3785.sph,1,Y,M,120904
20100121_155327_3820.sph,1,Y,M,120904
20100121_165321_3821.sph,0,Y,M,120904
20100122_160206_3852.sph,0,Y,M,120904
20100122_164957_3853.sph,0,Y,M,120904
20100122_174628_3858.sph,0,Y,M,120904
20100125_144725_3876.sph,0,Y,M,120904
20100126_144510_3902.sph,0,Y,M,120904
20100126_163503_3904.sph,0,Y,M,120904
20100127_145609_3930.sph,1,Y,M,120904
20100127_155305_3931.sph,0,Y,M,120904
20100127_170213_3933.sph,0,Y,M,120904
20100128_144141_3961.sph,1,Y,M,120904
20100128_153358_3963.sph,1,Y,M,120904
20100128_165220_3966.sph,0,Y,M,120904
20100201_144517_4047.sph,0,Y,M,120904
20100201_164640_4048.sph,0,Y,M,120904
20100203_153919_4098.sph,1,Y,M,120904
20100203_163057_4099.sph,0,Y,M,120904
20100203_170624_4100.sph,1,Y,M,120904
20100204_144715_4121.sph,0,Y,M,120904
20100204_151055_4122.sph,0,Y,M,120904
20100205_153950_4150.sph,0,Y,M,120904
20100205_155258_4151.sph,1,Y,M,120904
20100205_165639_4152.sph,1,Y,M,120904
20100209_144629_4219.sph,0,Y,M,120904
20100215_152734_4284.sph,1,Y,M,120904
20100217_153719_4344.sph,0,Y,M,120904
20100218_172743_4377.sph,1,Y,M,120904
20100219_150006_4406.sph,0,Y,M,120904
20100222_174745_4461.sph,0,Y,M,120904
20100223_144055_4475.sph,0,Y,M,120904
20100224_165036_4495.sph,1,Y,M,120904
20100226_153239_4541.sph,1,Y,M,120904
20100308_140813_4607.sph,0,Y,M,120904
20100308_145302_4608.sph,0,Y,M,120904
20100308_152732_4609.sph,0,Y,M,120904
20100308_155749_4610.sph,1,Y,M,120904
20100309_115010_4611.sph,1,Y,M,120904
20100122_155803_3851.sph,0,Y,M,120917
20100122_164957_3853.sph,1,Y,M,120917
20100126_185155_3918.sph,1,Y,M,120917
20100131_175245_4029.sph,1,Y,M,120917
20100202_193317_4089.sph,0,Y,M,120917
20100203_174010_4104.sph,1,Y,M,120917
20100208_174527_4193.sph,1,Y,M,120917
20100216_184712_4325.sph,0,Y,M,120917
20100218_174251_4381.sph,1,Y,M,120917
20100222_181613_4464.sph,0,Y,M,120917
20100225_173804_4518.sph,0,Y,M,120917
20100113_174254_3625.sph,1,Y,M,120924
20100114_175421_3661.sph,0,Y,M,120924
20100125_174117_3883.sph,0,Y,M,120924
20100130_174858_4011.sph,0,Y,M,120924
20100203_135503_4097.sph,1,Y,M,120924
20100204_185343_4134.sph,0,Y,M,120924
20100205_153950_4150.sph,1,Y,M,120924
20100206_174805_4164.sph,0,Y,M,120924
20100212_195308_4259.sph,1,Y,M,120924
20100213_190214_4274.sph,1,Y,M,120924
20100216_191627_4327.sph,1,Y,M,120924
20100217_213327_4366.sph,1,Y,M,120924
20100218_213519_4400.sph,1,Y,M,120924
20100220_194030_4425.sph,1,Y,M,120924
20100221_170315_4431.sph,1,Y,M,120924
20100203_110351_4095.sph,0,Y,M,120931
20100209_104525_4214.sph,0,Y,M,120931
20100215_185341_4302.sph,0,Y,M,120931
20100216_122044_4310.sph,0,Y,M,120931
20100216_192613_4328.sph,1,Y,M,120931
20100217_171239_4349.sph,0,Y,M,120931
20100219_192209_4415.sph,0,Y,M,120931
20100220_182836_4423.sph,1,Y,M,120931
20100221_194823_4444.sph,0,Y,M,120931
20100223_193700_4483.sph,0,Y,M,120931
20100224_211825_4511.sph,0,Y,M,120931
20100226_191200_4554.sph,1,Y,M,120931
20100226_193023_4556.sph,1,Y,M,120931
20100226_194245_4557.sph,1,Y,M,120931
20100226_211556_4561.sph,1,Y,M,120931
20100227_173937_4567.sph,1,Y,M,120931
20100227_175144_4570.sph,1,Y,M,120931
20100227_180408_4572.sph,1,Y,M,120931
20100227_185207_4574.sph,0,Y,M,120931
20100227_191510_4576.sph,1,Y,M,120931
20100228_192146_4588.sph,0,Y,M,120931
20100122_104326_3842.sph,0,Y,M,120933
20100128_153358_3963.sph,0,Y,M,120933
20100130_170728_4005.sph,0,Y,M,120933
20100131_170613_4023.sph,0,Y,M,120933
20100204_154556_4123.sph,1,Y,M,120933
20100212_214136_4264.sph,1,Y,M,120933
20100218_170539_4373.sph,0,Y,M,120933
20100126_122725_3900.sph,1,Y,M,120934
20100201_170248_4050.sph,1,Y,M,120934
20100201_171923_4053.sph,1,Y,M,120934
20100202_172544_4075.sph,1,Y,M,120934
20100202_173901_4077.sph,1,Y,M,120934
20100203_163057_4099.sph,1,Y,M,120934
20100204_170140_4125.sph,1,Y,M,120934
20100204_171601_4127.sph,1,Y,M,120934
20100207_180840_4175.sph,1,Y,M,120934
20100208_170913_4186.sph,1,Y,M,120934
20100209_170844_4221.sph,1,Y,M,120934
20100209_172417_4223.sph,1,Y,M,120934
20100216_170702_4316.sph,1,Y,M,120934
20100217_165101_4345.sph,0,Y,M,120934
20100218_172510_4376.sph,0,Y,M,120934
20100114_173924_3660.sph,1,Y,M,120935
20100117_173652_3712.sph,0,Y,M,120935
20100121_144906_3818.sph,1,Y,M,120935
20100125_204525_3894.sph,1,Y,M,120935
20100126_174458_3912.sph,0,Y,M,120935
20100127_174134_3942.sph,0,Y,M,120935
20100128_174932_3973.sph,1,Y,M,120935
20100129_123646_3989.sph,0,Y,M,120935
20100130_174122_4009.sph,0,Y,M,120935
20100131_172928_4026.sph,1,Y,M,120935
20100201_171642_4051.sph,1,Y,M,120935
20100202_173901_4077.sph,0,Y,M,120935
20100206_174153_4163.sph,1,Y,M,120935
20100207_174438_4172.sph,1,Y,M,120935
20100208_175346_4194.sph,1,Y,M,120935
20100114_172316_3658.sph,0,Y,M,120951
20100126_173025_3907.sph,1,Y,M,120951
20100202_172410_4074.sph,1,Y,M,120951
20100204_172512_4129.sph,0,Y,M,120951
20100115_171018_3691.sph,1,Y,M,120952
20100116_203019_3709.sph,1,Y,M,120952
20100118_180036_3731.sph,1,Y,M,120952
20100201_112154_4042.sph,1,Y,M,120955
20100205_095732_4145.sph,1,Y,M,120955
20100221_172046_4433.sph,0,Y,M,120955
20100208_214637_4211.sph,0,Y,M,120963
20100209_170844_4221.sph,0,Y,M,120963
20100213_170539_4267.sph,0,Y,M,120963
20100215_183915_4299.sph,1,Y,M,120963
20100216_180020_4323.sph,1,Y,M,120963
20100217_193642_4362.sph,1,Y,M,120963
20100218_172743_4377.sph,0,Y,M,120963
20100219_210021_4417.sph,1,Y,M,120963
20100221_173257_4434.sph,1,Y,M,120963
20100222_125252_4450.sph,0,Y,M,120963
20100224_170538_4496.sph,1,Y,M,120963
20100224_172953_4498.sph,1,Y,M,120963
20100225_182152_4523.sph,0,Y,M,120963
20100226_185631_4552.sph,1,Y,M,120963
20100227_180408_4572.sph,0,Y,M,120963
20100209_191447_4234.sph,1,Y,M,120965
20100213_185451_4273.sph,0,Y,M,120965
20100215_185341_4302.sph,1,Y,M,120965
20100216_191627_4327.sph,0,Y,M,120965
20100217_171239_4349.sph,1,Y,M,120965
20100218_094712_4368.sph,1,Y,M,120965
20100219_192209_4415.sph,1,Y,M,120965
20100220_182836_4423.sph,0,Y,M,120965
20100221_194823_4444.sph,1,Y,M,120965
20100222_142351_4452.sph,0,Y,M,120965
20100222_144328_4453.sph,1,Y,M,120965
20100223_193700_4483.sph,1,Y,M,120965
20100225_190232_4525.sph,0,Y,M,120965
20100226_191200_4554.sph,0,Y,M,120965
20100227_190217_4575.sph,1,Y,M,120965
20090713_151522_7.sph,0,N,M,111268
20090723_134550_50.sph,0,N,M,111268
20090806_144338_120.sph,0,N,M,111268
20090902_201435_266.sph,0,N,M,111268
20090912_220844_525.sph,1,N,M,111268
20090914_194950_566.sph,0,N,M,111268
20090918_180143_706.sph,0,N,M,111268
20090921_193136_785.sph,1,N,M,111268
20090922_223342_840.sph,1,N,M,111268
20091001_190706_1174.sph,1,N,M,111268
20091009_170803_1464.sph,1,N,M,111268
20091010_204704_1520.sph,0,N,M,111268
20091013_221201_1652.sph,1,N,M,111268
20091014_210941_1705.sph,0,N,M,111268
20091016_215114_1796.sph,1,N,M,111268
20090717_131104_31.sph,1,N,M,111756
20090818_095835_170.sph,1,N,M,111756
20090821_134155_191.sph,0,N,M,111756
20090903_191345_294.sph,1,N,M,111756
20090908_201018_413.sph,1,N,M,111756
20090909_195021_455.sph,0,N,M,111756
20090920_182252_744.sph,0,N,M,111756
20091002_181549_1207.sph,0,N,M,111756
20091016_183021_1785.sph,1,N,M,111756
20091017_182652_1813.sph,1,N,M,111756
20091026_183731_2184.sph,1,N,M,111756
20091106_181322_2553.sph,1,N,M,111756
20091109_180859_2621.sph,0,N,M,111756
20091123_180634_2966.sph,1,N,M,111756
20091202_182349_3108.sph,0,N,M,111756
20090724_111924_56.sph,0,N,M,120208
20090729_133924_81.sph,0,N,M,120208
20090713_142023_6.sph,1,N,M,120210
20090716_150721_25.sph,1,N,M,120210
20090717_131104_31.sph,0,N,M,120210
20090722_142032_42.sph,1,N,M,120210
20090723_154854_52.sph,1,N,M,120210
20090724_133454_58.sph,0,N,M,120210
20090724_152534_59.sph,1,N,M,120210
20090727_172203_68.sph,1,N,M,120210
20090728_145246_74.sph,1,N,M,120210
20090728_154232_75.sph,1,N,M,120210
20090729_153632_83.sph,0,N,M,120210
20090730_104827_86.sph,1,N,M,120210
20090730_122220_87.sph,1,N,M,120210
20090730_140113_89.sph,0,N,M,120210
20090730_173040_90.sph,0,N,M,120210
20090730_174347_91.sph,0,N,M,120210
20090730_175759_92.sph,0,N,M,120210
20090803_152245_103.sph,1,N,M,120210
20090803_161459_104.sph,1,N,M,120210
20090804_154011_109.sph,1,N,M,120210
20090805_143801_116.sph,1,N,M,120210
20090805_153126_117.sph,0,N,M,120210
20090806_144338_120.sph,1,N,M,120210
20090806_153742_121.sph,0,N,M,120210
20090807_103945_124.sph,1,N,M,120210
20090807_123958_125.sph,0,N,M,120210
20090807_170041_128.sph,1,N,M,120210
20090807_173138_129.sph,0,N,M,120210
20090807_175532_130.sph,1,N,M,120210
20090807_181318_131.sph,1,N,M,120210
20090810_145906_135.sph,0,N,M,120210
20090811_162646_146.sph,0,N,M,120210
20090812_163344_152.sph,0,N,M,120210
20090813_154257_158.sph,1,N,M,120210
20090814_134152_162.sph,0,N,M,120210
20090825_135026_198.sph,1,N,M,120210
20090826_114305_204.sph,1,N,M,120210
20090826_173814_211.sph,1,N,M,120210
20090827_104001_212.sph,1,N,M,120210
20090827_154325_216.sph,1,N,M,120210
20090827_163448_217.sph,1,N,M,120210
20090828_125641_221.sph,0,N,M,120210
20090828_144419_222.sph,1,N,M,120210
20090831_103959_224.sph,1,N,M,120210
20090831_142253_228.sph,1,N,M,120210
20090831_164433_232.sph,0,N,M,120210
20090901_122119_238.sph,1,N,M,120210
20090901_130631_240.sph,1,N,M,120210
20090901_143056_242.sph,1,N,M,120210
20090901_173204_246.sph,0,N,M,120210
20090902_104330_257.sph,1,N,M,120210
20090902_140750_261.sph,1,N,M,120210
20090903_094330_271.sph,0,N,M,120210
20090903_124644_277.sph,1,N,M,120210
20090903_140317_278.sph,0,N,M,120210
20090903_151638_280.sph,0,N,M,120210
20090904_102826_309.sph,0,N,M,120210
20090904_121031_313.sph,1,N,M,120210
20090904_144425_317.sph,1,N,M,120210
20090904_162334_319.sph,0,N,M,120210
20090908_144513_395.sph,1,N,M,120210
20090908_163614_399.sph,1,N,M,120210
20090909_111750_427.sph,1,N,M,120210
20090909_114706_428.sph,0,N,M,120210
20090909_124313_429.sph,1,N,M,120210
20090909_130500_430.sph,1,N,M,120210
20090909_134855_431.sph,0,N,M,120210
20090909_154629_435.sph,1,N,M,120210
20090910_124315_469.sph,1,N,M,120210
20090910_172138_478.sph,1,N,M,120210
20090911_125154_497.sph,1,N,M,120210
20090911_134222_498.sph,1,N,M,120210
20090911_164126_501.sph,1,N,M,120210
20090914_095123_543.sph,1,N,M,120210
20090914_105949_544.sph,1,N,M,120210
20090915_124702_578.sph,1,N,M,120210
20090916_104547_607.sph,0,N,M,120210
20090916_153328_616.sph,0,N,M,120210
20090917_095114_646.sph,1,N,M,120210
20090917_134537_652.sph,1,N,M,120210
20090917_153526_656.sph,1,N,M,120210
20090918_103555_684.sph,0,N,M,120210
20090921_150934_761.sph,0,N,M,120210
20090921_172430_768.sph,0,N,M,120210
20090923_123730_845.sph,1,N,M,120210
20090923_153116_854.sph,1,N,M,120210
20090924_123432_888.sph,1,N,M,120210
20090924_144640_891.sph,0,N,M,120210
20090925_134755_933.sph,1,N,M,120210
20090928_105010_1011.sph,1,N,M,120210
20090928_140543_1016.sph,0,N,M,120210
20090928_145436_1018.sph,1,N,M,120210
20090929_155114_1052.sph,1,N,M,120210
20090930_132350_1103.sph,0,N,M,120210
20090930_150943_1107.sph,1,N,M,120210
20090930_161710_1108.sph,1,N,M,120210
20091001_134755_1148.sph,0,N,M,120210
20091001_153657_1151.sph,0,N,M,120210
20091001_194528_1178.sph,0,N,M,120210
20091002_114138_1187.sph,1,N,M,120210
20091005_134734_1271.sph,1,N,M,120210
20091005_163742_1277.sph,1,N,M,120210
20091006_123340_1316.sph,0,N,M,120210
20091006_163810_1323.sph,0,N,M,120210
20091006_192936_1354.sph,0,N,M,120210
20091007_103514_1367.sph,0,N,M,120210
20091008_200228_1441.sph,0,N,M,120210
20091009_104324_1450.sph,1,N,M,120210
20091009_122754_1452.sph,0,N,M,120210
20091009_145633_1457.sph,1,N,M,120210
20091013_180028_1623.sph,0,N,M,120210
20091014_105449_1655.sph,1,N,M,120210
20091016_122011_1761.sph,1,N,M,120210
20091016_145004_1765.sph,1,N,M,120210
20091021_104506_1941.sph,1,N,M,120210
20091021_132151_1945.sph,1,N,M,120210
20091021_134851_1947.sph,1,N,M,120210
20091026_140403_2151.sph,0,N,M,120210
20091026_164325_2164.sph,1,N,M,120210
20091027_155438_2209.sph,0,N,M,120210
20091028_114651_2242.sph,1,N,M,120210
20091030_112954_2321.sph,0,N,M,120210
20091102_133728_2391.sph,0,N,M,120210
20091102_145201_2392.sph,0,N,M,120210
20091103_180538_2437.sph,0,N,M,120210
20091104_100631_2458.sph,1,N,M,120210
20091105_133629_2494.sph,0,N,M,120210
20091105_144233_2497.sph,1,N,M,120210
20091106_141217_2539.sph,1,N,M,120210
20091106_160428_2543.sph,1,N,M,120210
20091109_153615_2607.sph,0,N,M,120210
20091110_134959_2643.sph,1,N,M,120210
20091110_154513_2647.sph,1,N,M,120210
20091111_110016_2676.sph,1,N,M,120210
20091111_111211_2677.sph,1,N,M,120210
20091111_123055_2679.sph,0,N,M,120210
20091112_130205_2706.sph,1,N,M,120210
20091112_175117_2716.sph,1,N,M,120210
20091112_194001_2728.sph,0,N,M,120210
20091113_123554_2735.sph,1,N,M,120210
20091113_165254_2739.sph,1,N,M,120210
20091117_145822_2808.sph,1,N,M,120210
20091117_170209_2811.sph,0,N,M,120210
20091117_193114_2826.sph,0,N,M,120210
20091118_180531_2856.sph,0,N,M,120210
20091118_194422_2864.sph,0,N,M,120210
20091119_170253_2884.sph,1,N,M,120210
20091120_152734_2912.sph,0,N,M,120210
20091123_114020_2949.sph,0,N,M,120210
20091123_145721_2957.sph,0,N,M,120210
20091124_105833_2979.sph,0,N,M,120210
20091124_145712_2982.sph,0,N,M,120210
20091124_200125_2997.sph,0,N,M,120210
20091125_114426_3000.sph,0,N,M,120210
20091130_124356_3028.sph,1,N,M,120210
20091130_143808_3031.sph,0,N,M,120210
20091130_152828_3032.sph,1,N,M,120210
20091130_154323_3034.sph,0,N,M,120210
20091201_155222_3062.sph,1,N,M,120210
20091202_115741_3090.sph,0,N,M,120210
20091202_134233_3092.sph,0,N,M,120210
20091203_125554_3123.sph,1,N,M,120210
20091203_144418_3125.sph,0,N,M,120210
20091203_155830_3127.sph,0,N,M,120210
20091203_184803_3141.sph,0,N,M,120210
20091204_161850_3157.sph,1,N,M,120210
20091204_165309_3158.sph,0,N,M,120210
20091207_114509_3204.sph,1,N,M,120210
20091207_144406_3209.sph,0,N,M,120210
20091208_185047_3258.sph,0,N,M,120210
20091208_195303_3259.sph,0,N,M,120210
20091209_114410_3268.sph,0,N,M,120210
20091211_165612_3331.sph,0,N,M,120210
20091214_114749_3368.sph,0,N,M,120210
20091217_175623_3442.sph,0,N,M,120210
20100106_103506_3518.sph,1,N,M,120210
20100106_115817_3519.sph,1,N,M,120210
20100111_143318_3556.sph,0,N,M,120210
20100111_194033_3572.sph,0,N,M,120210
20100112_144205_3585.sph,0,N,M,120210
20100113_114908_3612.sph,0,N,M,120210
20100119_100100_3748.sph,1,N,M,120210
20100119_120534_3751.sph,0,N,M,120210
20100119_134341_3754.sph,0,N,M,120210
20100120_191606_3801.sph,0,N,M,120210
20100121_114238_3814.sph,0,N,M,120210
20100121_124031_3815.sph,0,N,M,120210
20100122_130502_3847.sph,0,N,M,120210
20100125_155255_3877.sph,1,N,M,120210
20100127_134609_3928.sph,1,N,M,120210
20100127_161309_3932.sph,1,N,M,120210
20100127_170725_3934.sph,0,N,M,120210
20100128_150027_3962.sph,1,N,M,120210
20100128_160856_3964.sph,1,N,M,120210
20100129_114255_3988.sph,0,N,M,120210
20090722_171204_45.sph,0,N,M,120214
20090806_173616_122.sph,0,N,M,120214
20090819_173751_185.sph,0,N,M,120214
20090903_192309_296.sph,0,N,M,120214
20090904_203245_333.sph,0,N,M,120214
20090905_215048_351.sph,0,N,M,120214
20090907_204354_387.sph,0,N,M,120214
20090908_215047_424.sph,0,N,M,120214
20090909_215336_464.sph,0,N,M,120214
20090914_174349_558.sph,0,N,M,120214
20090915_174625_596.sph,0,N,M,120214
20090923_174723_865.sph,0,N,M,120214
20090924_175018_902.sph,0,N,M,120214
20090929_214844_1090.sph,0,N,M,120214
20090930_215659_1140.sph,0,N,M,120214
20090716_171859_27.sph,0,N,M,120215
20090728_163956_76.sph,0,N,M,120215
20090903_212909_305.sph,1,N,M,120215
20090906_212339_366.sph,0,N,M,120215
20090908_191308_410.sph,1,N,M,120215
20090909_164907_438.sph,0,N,M,120215
20090917_214722_682.sph,1,N,M,120215
20090920_194859_749.sph,1,N,M,120215
20090921_220552_795.sph,1,N,M,120215
20090922_204947_832.sph,1,N,M,120215
20090923_213217_883.sph,0,N,M,120215
20090925_213847_961.sph,0,N,M,120215
20090929_204939_1087.sph,1,N,M,120215
20091001_195104_1179.sph,1,N,M,120215
20091002_195627_1216.sph,1,N,M,120215
20090715_140919_17.sph,0,N,M,120216
20090727_134235_64.sph,0,N,M,120216
20090806_113021_118.sph,0,N,M,120216
20090903_201217_300.sph,1,N,M,120216
20090905_183916_342.sph,0,N,M,120216
20090908_183939_408.sph,0,N,M,120216
20090909_215117_463.sph,0,N,M,120216
20090910_175548_484.sph,1,N,M,120216
20090916_180707_633.sph,0,N,M,120216
20090724_172426_60.sph,0,N,M,120221
20090805_104841_113.sph,0,N,M,120221
20090813_094519_153.sph,0,N,M,120221
20090908_205242_417.sph,0,N,M,120221
20090922_180214_817.sph,1,N,M,120221
20090922_181510_821.sph,1,N,M,120221
20090923_173856_863.sph,0,N,M,120221
20090924_174428_901.sph,1,N,M,120221
20090925_184142_955.sph,1,N,M,120221
20090928_181452_1034.sph,1,N,M,120221
20090929_181759_1071.sph,0,N,M,120221
20091004_180728_1246.sph,1,N,M,120221
20091006_181439_1342.sph,0,N,M,120221
20091008_181219_1426.sph,0,N,M,120221
20091012_180525_1571.sph,0,N,M,120221
20090827_154325_216.sph,0,N,M,120226
20090913_170241_526.sph,0,N,M,120226
20091012_170817_1558.sph,0,N,M,120226
20091014_171140_1668.sph,0,N,M,120226
20091016_210335_1793.sph,0,N,M,120226
20091020_174518_1904.sph,0,N,M,120226
20091021_185935_1974.sph,1,N,M,120226
20091022_190334_2025.sph,1,N,M,120226
20091027_190809_2232.sph,0,N,M,120226
20091030_172321_2333.sph,0,N,M,120226
20091101_173515_2366.sph,1,N,M,120226
20091103_171825_2430.sph,1,N,M,120226
20091109_200951_2631.sph,0,N,M,120226
20091116_203245_2800.sph,1,N,M,120226
20091208_200539_3260.sph,0,N,M,120226
20090826_173814_211.sph,0,N,M,120227
20090715_113341_16.sph,0,N,M,120232
20090901_214026_253.sph,1,N,M,120232
20090902_214224_270.sph,0,N,M,120232
20090904_212530_334.sph,1,N,M,120232
20090906_201348_362.sph,1,N,M,120232
20090912_170931_515.sph,1,N,M,120232
20090913_193948_540.sph,1,N,M,120232
20090914_105949_544.sph,0,N,M,120232
20090915_213830_605.sph,1,N,M,120232
20090920_213504_753.sph,1,N,M,120232
20090923_190608_874.sph,1,N,M,120232
20090927_192734_1004.sph,0,N,M,120232
20091002_182923_1210.sph,0,N,M,120232
20091011_184635_1538.sph,1,N,M,120232
20091012_172316_1562.sph,1,N,M,120232
20090729_113100_79.sph,1,N,M,120235
20090810_164300_137.sph,0,N,M,120235
20090812_114128_148.sph,0,N,M,120235
20091008_184855_1436.sph,0,N,M,120235
20091009_185336_1486.sph,0,N,M,120235
20091110_183343_2664.sph,0,N,M,120235
20100222_175417_4462.sph,0,N,M,120235
20100224_175805_4502.sph,1,N,M,120235
20100225_175954_4521.sph,0,N,M,120235
20100226_180316_4549.sph,0,N,M,120235
20090717_171134_35.sph,0,N,M,120243
20090803_175947_105.sph,0,N,M,120243
20090811_124415_142.sph,1,N,M,120243
20090901_211811_251.sph,0,N,M,120243
20090907_192505_380.sph,1,N,M,120243
20090908_213255_422.sph,0,N,M,120243
20090909_213511_461.sph,0,N,M,120243
20090918_183728_708.sph,1,N,M,120243
20090929_172450_1058.sph,0,N,M,120243
20091006_173001_1330.sph,0,N,M,120243
20091016_172637_1772.sph,0,N,M,120243
20091019_173107_1855.sph,0,N,M,120243
20091025_173423_2120.sph,0,N,M,120243
20091028_172818_2259.sph,0,N,M,120243
20091105_173102_2507.sph,0,N,M,120243
20090713_122937_5.sph,0,N,M,120245
20090722_105253_38.sph,0,N,M,120245
20090909_114706_428.sph,1,N,M,120245
20090909_185317_448.sph,1,N,M,120245
20090928_183851_1041.sph,0,N,M,120245
20091022_182353_2015.sph,0,N,M,120245
20091119_180033_2891.sph,0,N,M,120245
20090717_161625_34.sph,0,N,M,120246
20090828_154636_223.sph,0,N,M,120255
20090901_143056_242.sph,0,N,M,120255
20090904_182200_325.sph,0,N,M,120255
20090905_192742_345.sph,0,N,M,120255
20090907_172059_371.sph,0,N,M,120255
20090908_182633_407.sph,0,N,M,120255
20090909_182828_446.sph,0,N,M,120255
20090911_124850_496.sph,1,N,M,120255
20090916_172342_624.sph,0,N,M,120255
20090920_172252_736.sph,0,N,M,120255
20090921_172554_769.sph,1,N,M,120255
20090925_172920_945.sph,0,N,M,120255
20090926_173219_968.sph,0,N,M,120255
20090928_172752_1026.sph,1,N,M,120255
20090929_173327_1063.sph,0,N,M,120255
20090722_153108_43.sph,0,N,M,120256
20090804_154011_109.sph,0,N,M,120256
20090904_164806_320.sph,0,N,M,120256
20090905_201344_347.sph,0,N,M,120256
20090914_185154_563.sph,0,N,M,120256
20090919_182142_727.sph,0,N,M,120256
20090920_183101_746.sph,0,N,M,120256
20090921_183341_780.sph,0,N,M,120256
20091004_182902_1250.sph,0,N,M,120256
20091014_175904_1677.sph,0,N,M,120256
20091016_174955_1776.sph,0,N,M,120256
20091019_180339_1862.sph,1,N,M,120256
20091022_193220_2030.sph,0,N,M,120256
20091130_174452_3039.sph,0,N,M,120256
20091202_175214_3102.sph,0,N,M,120256
20090722_142032_42.sph,0,N,M,120259
20090814_134152_162.sph,1,N,M,120259
20090819_123631_179.sph,1,N,M,120259
20090903_185529_292.sph,0,N,M,120259
20090905_175404_340.sph,1,N,M,120259
20090910_174018_481.sph,0,N,M,120259
20091023_182937_2071.sph,0,N,M,120259
20091027_181225_2224.sph,1,N,M,120259
20091028_182011_2267.sph,0,N,M,120259
20091110_190500_2668.sph,0,N,M,120259
20091113_182632_2747.sph,1,N,M,120259
20091117_180141_2817.sph,0,N,M,120259
20091119_180339_2892.sph,0,N,M,120259
20091121_180458_2933.sph,0,N,M,120259
20091201_181314_3072.sph,0,N,M,120259
20090903_182752_290.sph,0,N,M,120260
20090905_192742_345.sph,1,N,M,120260
20091002_104414_1185.sph,0,N,M,120261
20091005_194142_1304.sph,1,N,M,120261
20091006_171211_1325.sph,1,N,M,120261
20091008_174123_1421.sph,1,N,M,120261
20091009_172106_1468.sph,1,N,M,120261
20091013_172620_1615.sph,1,N,M,120261
20091014_201406_1700.sph,0,N,M,120261
20091015_095536_1711.sph,0,N,M,120261
20091020_181322_1913.sph,1,N,M,120261
20091021_183738_1969.sph,0,N,M,120261
20091022_192634_2028.sph,1,N,M,120261
20091023_201045_2086.sph,1,N,M,120261
20091026_165819_2165.sph,1,N,M,120261
20091027_171919_2216.sph,0,N,M,120261
20091028_182011_2267.sph,1,N,M,120261
20090728_140401_73.sph,0,N,M,120262
20090807_094602_123.sph,0,N,M,120262
20090903_180256_289.sph,0,N,M,120262
20090908_175404_404.sph,0,N,M,120262
20090909_190918_450.sph,0,N,M,120262
20090915_181144_599.sph,0,N,M,120262
20090923_182146_870.sph,0,N,M,120262
20090924_183452_912.sph,1,N,M,120262
20090930_185523_1130.sph,1,N,M,120262
20091002_184118_1214.sph,1,N,M,120262
20091005_183925_1297.sph,1,N,M,120262
20091006_185042_1348.sph,0,N,M,120262
20091009_193421_1488.sph,1,N,M,120262
20091014_185829_1692.sph,0,N,M,120262
20091015_190148_1742.sph,0,N,M,120262
20090714_121333_11.sph,0,N,M,120263
20090728_104005_70.sph,0,N,M,120263
20090811_105017_140.sph,0,N,M,120263
20090903_192309_296.sph,1,N,M,120263
20090908_194421_411.sph,0,N,M,120263
20090918_175443_704.sph,0,N,M,120263
20090919_192749_730.sph,0,N,M,120263
20090922_192344_829.sph,0,N,M,120263
20090923_193657_877.sph,0,N,M,120263
20090926_175940_971.sph,0,N,M,120263
20090927_183420_996.sph,1,N,M,120263
20090928_180621_1033.sph,0,N,M,120263
20091009_182200_1479.sph,1,N,M,120263
20091011_191727_1541.sph,0,N,M,120263
20091016_213653_1795.sph,0,N,M,120263
20090914_172458_555.sph,1,N,M,120265
20090915_172708_591.sph,0,N,M,120265
20090916_172859_626.sph,0,N,M,120265
20090920_173001_738.sph,0,N,M,120265
20090922_150544_805.sph,0,N,M,120265
20090926_173757_969.sph,1,N,M,120265
20090929_173806_1065.sph,0,N,M,120265
20091008_174030_1420.sph,0,N,M,120265
20091009_174242_1474.sph,0,N,M,120265
20091013_173100_1617.sph,0,N,M,120265
20091014_173322_1673.sph,0,N,M,120265
20091015_174001_1725.sph,1,N,M,120265
20091016_174159_1774.sph,0,N,M,120265
20091017_174407_1806.sph,0,N,M,120265
20091028_134656_2245.sph,1,N,M,120265
20090716_162257_26.sph,1,N,M,120269
20090804_173728_111.sph,1,N,M,120269
20090811_174056_147.sph,0,N,M,120269
20090904_200040_331.sph,0,N,M,120269
20090906_175034_354.sph,1,N,M,120269
20090914_171211_553.sph,0,N,M,120269
20091005_183444_1295.sph,0,N,M,120269
20091006_214534_1363.sph,0,N,M,120269
20091007_182044_1391.sph,0,N,M,120269
20091008_204504_1444.sph,1,N,M,120269
20091009_192522_1487.sph,1,N,M,120269
20091012_194329_1587.sph,0,N,M,120269
20091013_185303_1636.sph,1,N,M,120269
20091014_192905_1697.sph,1,N,M,120269
20091016_192440_1791.sph,0,N,M,120269
20090722_123120_40.sph,0,N,M,120271
20090803_124630_100.sph,0,N,M,120271
20090812_153436_151.sph,0,N,M,120271
20091009_180942_1477.sph,1,N,M,120271
20091025_181942_2129.sph,0,N,M,120271
20091030_175646_2336.sph,0,N,M,120271
20091106_175308_2550.sph,0,N,M,120271
20091112_182354_2722.sph,1,N,M,120271
20091118_180531_2856.sph,1,N,M,120271
20091121_191001_2935.sph,0,N,M,120271
20091130_173948_3038.sph,0,N,M,120271
20091202_174244_3101.sph,1,N,M,120271
20091204_174607_3163.sph,0,N,M,120271
20091216_174714_3419.sph,0,N,M,120271
20100112_180930_3601.sph,1,N,M,120271
20090717_121245_30.sph,0,N,M,120278
20090814_115330_160.sph,0,N,M,120278
20090910_113025_467.sph,1,N,M,120278
20090910_153828_475.sph,1,N,M,120278
20090910_200108_488.sph,0,N,M,120278
20090916_175931_631.sph,0,N,M,120278
20090917_180319_672.sph,0,N,M,120278
20090922_181712_822.sph,0,N,M,120278
20090926_181424_972.sph,0,N,M,120278
20091009_182012_1478.sph,1,N,M,120278
20091013_144306_1604.sph,1,N,M,120278
20091110_145439_2646.sph,1,N,M,120278
20091114_181340_2757.sph,1,N,M,120278
20091118_182437_2859.sph,0,N,M,120278
20091119_182751_2893.sph,0,N,M,120278
20090713_142023_6.sph,0,N,M,120279
20090723_165121_53.sph,0,N,M,120279
20090818_165355_175.sph,0,N,M,120279
20090909_172237_440.sph,1,N,M,120279
20090910_173841_480.sph,0,N,M,120279
20090911_180636_509.sph,1,N,M,120279
20090913_181536_536.sph,1,N,M,120279
20090914_174349_558.sph,1,N,M,120279
20090915_172708_591.sph,1,N,M,120279
20090916_174455_629.sph,1,N,M,120279
20090917_175548_670.sph,0,N,M,120279
20090918_175818_705.sph,0,N,M,120279
20090919_175457_721.sph,1,N,M,120279
20090920_172900_737.sph,1,N,M,120279
20090921_182535_779.sph,1,N,M,120279
20090714_162411_14.sph,0,N,M,120287
20090911_194324_511.sph,0,N,M,120287
20090915_191801_602.sph,0,N,M,120287
20090916_192005_636.sph,0,N,M,120287
20090917_212758_680.sph,0,N,M,120287
20090920_181203_742.sph,0,N,M,120287
20090923_195148_878.sph,0,N,M,120287
20091010_181127_1510.sph,0,N,M,120287
20091012_185439_1582.sph,0,N,M,120287
20091013_185747_1637.sph,0,N,M,120287
20091014_190020_1694.sph,0,N,M,120287
20091019_183715_1871.sph,0,N,M,120287
20091021_214047_1985.sph,1,N,M,120287
20091022_214526_2045.sph,0,N,M,120287
20091025_184137_2133.sph,0,N,M,120287
20090728_145246_74.sph,0,N,M,120288
20090810_124500_133.sph,0,N,M,120288
20090812_123632_149.sph,0,N,M,120288
20090903_212217_304.sph,0,N,M,120288
20090904_212530_334.sph,0,N,M,120288
20090905_212746_349.sph,0,N,M,120288
20090909_191249_451.sph,0,N,M,120288
20090922_170353_807.sph,1,N,M,120288
20090926_170853_963.sph,1,N,M,120288
20091006_172104_1328.sph,0,N,M,120288
20091007_172332_1379.sph,0,N,M,120288
20091026_171924_2170.sph,0,N,M,120288
20091111_171905_2684.sph,0,N,M,120288
20091125_171741_3002.sph,0,N,M,120288
20090716_131050_23.sph,1,N,M,120294
20090727_094132_61.sph,0,N,M,120294
20090729_124433_80.sph,0,N,M,120294
20090904_182200_325.sph,1,N,M,120294
20090906_182249_356.sph,0,N,M,120294
20090909_192501_452.sph,0,N,M,120294
20090927_173052_986.sph,0,N,M,120294
20090929_173004_1061.sph,0,N,M,120294
20091006_190241_1350.sph,1,N,M,120294
20091012_190235_1583.sph,0,N,M,120294
20091019_190322_1877.sph,0,N,M,120294
20091022_190334_2025.sph,0,N,M,120294
20091103_190207_2446.sph,1,N,M,120294
20091105_190230_2521.sph,1,N,M,120294
20091117_190259_2824.sph,1,N,M,120294
20090716_111603_21.sph,0,N,M,120300
20090728_094501_69.sph,0,N,M,120300
20090804_104437_106.sph,1,N,M,120300
20090903_180048_288.sph,0,N,M,120300
20090904_214940_335.sph,0,N,M,120300
20090906_175445_355.sph,1,N,M,120300
20090907_192505_380.sph,0,N,M,120300
20090910_174159_482.sph,0,N,M,120300
20090912_175812_521.sph,0,N,M,120300
20090930_184141_1128.sph,0,N,M,120300
20091005_181527_1289.sph,0,N,M,120300
20091023_184628_2076.sph,1,N,M,120300
20091103_183718_2444.sph,0,N,M,120300
20091112_182354_2722.sph,0,N,M,120300
20091202_182903_3109.sph,1,N,M,120300
20090722_133331_41.sph,1,N,M,120303
20090727_172203_68.sph,0,N,M,120303
20090810_115808_132.sph,0,N,M,120303
20090909_190918_450.sph,1,N,M,120303
20090923_170500_857.sph,0,N,M,120303
20091014_170239_1667.sph,1,N,M,120303
20091017_170752_1798.sph,0,N,M,120303
20091105_170239_2502.sph,0,N,M,120303
20091107_170530_2564.sph,0,N,M,120303
20091110_170933_2652.sph,1,N,M,120303
20091118_170737_2848.sph,1,N,M,120303
20091123_170639_2961.sph,1,N,M,120303
20091201_170505_3064.sph,0,N,M,120303
20091202_170850_3097.sph,0,N,M,120303
20091204_170441_3159.sph,0,N,M,120303
20091205_170820_3175.sph,0,N,M,120303
20100108_141943_3530.sph,1,N,M,120303
20100111_111309_3553.sph,1,N,M,120303
20100111_133743_3555.sph,1,N,M,120303
20100111_165554_3560.sph,0,N,M,120303
20100112_124834_3582.sph,0,N,M,120303
20100112_144330_3586.sph,1,N,M,120303
20100113_122228_3613.sph,1,N,M,120303
20100113_134124_3615.sph,0,N,M,120303
20100113_171502_3621.sph,1,N,M,120303
20100113_193153_3633.sph,0,N,M,120303
20100114_114413_3645.sph,1,N,M,120303
20100114_154832_3652.sph,0,N,M,120303
20100115_143418_3684.sph,1,N,M,120303
20100115_145311_3685.sph,0,N,M,120303
20100115_154743_3686.sph,1,N,M,120303
20100119_095215_3747.sph,0,N,M,120303
20100119_112826_3750.sph,1,N,M,120303
20100119_142534_3755.sph,0,N,M,120303
20100121_094812_3810.sph,1,N,M,120303
20100121_104158_3812.sph,0,N,M,120303
20100128_104452_3957.sph,0,N,M,120303
20100128_105813_3958.sph,1,N,M,120303
20100129_105339_3987.sph,0,N,M,120303
20100129_133452_3990.sph,0,N,M,120303
20100204_100944_4117.sph,1,N,M,120303
20100204_114847_4118.sph,1,N,M,120303
20100219_104039_4404.sph,0,N,M,120303
20090713_161454_8.sph,0,N,M,120309
20090727_153204_66.sph,0,N,M,120309
20090819_114340_178.sph,0,N,M,120309
20090910_171245_477.sph,0,N,M,120309
20091022_172611_2002.sph,0,N,M,120309
20091120_172118_2919.sph,0,N,M,120309
20091202_201248_3114.sph,1,N,M,120309
20091203_173912_3133.sph,0,N,M,120309
20091207_171843_3213.sph,0,N,M,120309
20091209_195026_3289.sph,1,N,M,120309
20091217_163747_3434.sph,1,N,M,120309
20100112_154649_3589.sph,0,N,M,120309
20100122_152629_3850.sph,0,N,M,120309
20100128_163032_3965.sph,0,N,M,120309
20100204_164831_4124.sph,0,N,M,120309
20090717_140614_32.sph,0,N,M,120311
20090729_163202_84.sph,0,N,M,120311
20090803_134046_101.sph,0,N,M,120311
20090724_122157_57.sph,0,N,M,120314
20090804_114436_107.sph,0,N,M,120314
20090807_123958_125.sph,1,N,M,120314
20090914_180541_561.sph,1,N,M,120316
20090918_134438_689.sph,0,N,M,120316
20090928_171146_1023.sph,1,N,M,120316
20090929_185206_1078.sph,1,N,M,120316
20090930_191702_1132.sph,1,N,M,120316
20091008_184118_1433.sph,0,N,M,120316
20091015_184924_1740.sph,0,N,M,120316
20091019_190322_1877.sph,1,N,M,120316
20091210_145128_3301.sph,0,N,M,120316
20091213_200647_3362.sph,0,N,M,120316
20091214_134714_3370.sph,1,N,M,120316
20091216_180648_3422.sph,0,N,M,120316
20091217_181126_3445.sph,1,N,M,120316
20100225_175133_4519.sph,1,N,M,120316
20100227_174838_4569.sph,0,N,M,120316
20090723_174235_54.sph,0,N,M,120318
20090804_163946_110.sph,0,N,M,120318
20090817_094347_164.sph,0,N,M,120318
20090903_173932_286.sph,1,N,M,120318
20090907_194807_382.sph,1,N,M,120318
20090908_205433_418.sph,0,N,M,120318
20090914_174144_557.sph,1,N,M,120318
20090916_174455_629.sph,0,N,M,120318
20090917_162906_659.sph,1,N,M,120318
20090918_173604_702.sph,0,N,M,120318
20090926_130239_962.sph,1,N,M,120318
20090927_175147_989.sph,0,N,M,120318
20090928_182313_1036.sph,1,N,M,120318
20091001_175822_1164.sph,0,N,M,120318
20091009_174955_1475.sph,1,N,M,120318
20091011_180552_1532.sph,1,N,M,120318
20090803_152245_103.sph,0,N,M,120323
20090813_124340_156.sph,1,N,M,120323
20090821_154642_193.sph,0,N,M,120323
20090910_175306_483.sph,1,N,M,120323
20090911_180851_510.sph,0,N,M,120323
20090928_185035_1042.sph,0,N,M,120323
20091016_174955_1776.sph,1,N,M,120323
20100213_180640_4271.sph,0,N,M,120323
20090723_101939_47.sph,0,N,M,120327
20090807_151412_127.sph,0,N,M,120338
20090826_153636_209.sph,1,N,M,120338
20090730_122220_87.sph,0,N,M,120343
20090729_103333_77.sph,0,N,M,120346
20090817_135549_168.sph,1,N,M,120346
20090819_135950_180.sph,1,N,M,120346
20090910_173636_479.sph,0,N,M,120346
20090914_175449_560.sph,0,N,M,120346
20090919_180041_722.sph,0,N,M,120346
20090921_180517_776.sph,1,N,M,120346
20090922_180915_820.sph,0,N,M,120346
20090923_181201_869.sph,0,N,M,120346
20090927_181219_992.sph,0,N,M,120346
20090929_182026_1072.sph,0,N,M,120346
20090930_182250_1126.sph,0,N,M,120346
20091002_180023_1204.sph,0,N,M,120346
20091011_181223_1534.sph,1,N,M,120346
20091012_181525_1574.sph,0,N,M,120346
20090811_162646_146.sph,1,N,M,120347
20090825_175118_202.sph,1,N,M,120347
20090903_192041_295.sph,0,N,M,120347
20090909_211707_459.sph,0,N,M,120347
20090918_164055_694.sph,1,N,M,120347
20090926_170853_963.sph,0,N,M,120347
20090929_171248_1056.sph,0,N,M,120347
20091006_171211_1325.sph,0,N,M,120347
20091013_171325_1611.sph,0,N,M,120347
20091017_171905_1800.sph,0,N,M,120347
20091103_171825_2430.sph,0,N,M,120347
20091115_171150_2759.sph,0,N,M,120347
20091206_174614_3189.sph,1,N,M,120347
20091219_171130_3462.sph,1,N,M,120347
20100109_171955_3542.sph,1,N,M,120347
20090805_153126_117.sph,1,N,M,120351
20090817_145446_169.sph,0,N,M,120351
20090827_163448_217.sph,0,N,M,120351
20090903_180256_289.sph,1,N,M,120351
20090904_181156_324.sph,0,N,M,120351
20090905_192443_344.sph,0,N,M,120351
20090906_210208_364.sph,1,N,M,120351
20090908_214555_423.sph,0,N,M,120351
20090910_175306_483.sph,0,N,M,120351
20090916_180347_632.sph,0,N,M,120351
20090917_181411_674.sph,1,N,M,120351
20090921_182535_779.sph,0,N,M,120351
20090926_182633_973.sph,1,N,M,120351
20090929_184519_1076.sph,1,N,M,120351
20091019_184118_1872.sph,0,N,M,120351
20090803_161459_104.sph,0,N,M,120353
20090825_165023_201.sph,0,N,M,120353
20090831_174432_233.sph,0,N,M,120353
20090902_180303_264.sph,1,N,M,120353
20090907_200420_383.sph,1,N,M,120353
20090909_173953_442.sph,1,N,M,120353
20090910_174159_482.sph,1,N,M,120353
20090923_181201_869.sph,1,N,M,120353
20090924_181552_910.sph,1,N,M,120353
20090928_182313_1036.sph,0,N,M,120353
20090930_180855_1124.sph,0,N,M,120353
20091011_181223_1534.sph,0,N,M,120353
20091012_181449_1573.sph,0,N,M,120353
20091019_181923_1864.sph,0,N,M,120353
20091029_180425_2302.sph,1,N,M,120353
20090811_153550_145.sph,0,N,M,120354
20090826_105116_203.sph,1,N,M,120354
20090914_133107_548.sph,1,N,M,120354
20090918_204428_712.sph,1,N,M,120354
20090930_195419_1136.sph,1,N,M,120354
20091024_203654_2113.sph,1,N,M,120354
20091130_201124_3051.sph,1,N,M,120354
20091201_183541_3077.sph,1,N,M,120354
20091203_194933_3143.sph,1,N,M,120354
20091207_174922_3216.sph,0,N,M,120354
20091208_175657_3254.sph,1,N,M,120354
20091213_184156_3352.sph,0,N,M,120354
20091217_175802_3443.sph,1,N,M,120354
20100105_170545_3510.sph,1,N,M,120354
20100201_180747_4057.sph,1,N,M,120354
20090807_103945_124.sph,0,N,M,120355
20090901_130631_240.sph,0,N,M,120355
20090906_192013_360.sph,0,N,M,120355
20090907_194310_381.sph,1,N,M,120355
20090911_094717_492.sph,0,N,M,120355
20090912_172056_517.sph,0,N,M,120355
20090913_172513_530.sph,0,N,M,120355
20091007_180548_1387.sph,0,N,M,120355
20091014_180651_1680.sph,1,N,M,120355
20091014_181818_1684.sph,0,N,M,120355
20091019_182815_1869.sph,1,N,M,120355
20091024_182047_2103.sph,1,N,M,120355
20091025_173319_2119.sph,0,N,M,120355
20091029_181458_2305.sph,1,N,M,120355
20091030_172321_2333.sph,1,N,M,120355
20090803_143310_102.sph,0,N,M,120361
20090804_130856_108.sph,0,N,M,120362
20090814_124605_161.sph,1,N,M,120362
20090908_133043_394.sph,0,N,M,120362
20090909_181903_444.sph,0,N,M,120362
20090912_220844_525.sph,0,N,M,120362
20090914_194950_566.sph,1,N,M,120362
20090916_155159_617.sph,0,N,M,120362
20090918_180143_706.sph,1,N,M,120362
20090921_193136_785.sph,0,N,M,120362
20090922_223342_840.sph,0,N,M,120362
20091001_190706_1174.sph,0,N,M,120362
20091009_170803_1464.sph,0,N,M,120362
20091013_221201_1652.sph,0,N,M,120362
20091017_171714_1799.sph,0,N,M,120362
20091019_192730_1879.sph,0,N,M,120362
